[
    {
        "id": "legal_question_answering_1",
        "input": "人民法院执行实际施工人对发包人的到期债权的，转包人或者违法分包人是否有权提异议？",
        "output": "根据《最高人民法院新建设工程施工合同司法解释（一）理解与适用》，人民法院出版社出版在转包和违法分包的情况下，存在三方当事人，两个法律关系。一是承包人与发包人之间的建设工程施工合同关系；二是承包人作为转包人或者违法分包人与转包或者违法分包中的承包人之间的转包和违法分包关系。实际施工人向发包人主张权利一般需具备三个要件：（1）实际施工人对转包人或者违法分包人享有债权。该债权可能是工程价款请求权，也可能是因转包合同或者违法分包合同无效引起的赔偿损失请求权。（2）发包人欠付转包人或者违法分包人建设工程价款。转包合同和违法分包合同无效，并不意味着发包人与承包人签订的建设工程施工合同无效。即使发包人与承包人签订的建设工程施工合同无效，如果承包人与实际施工人完成的建设工程经竣工验收合格，承包人也有权依据《民法典》第七百九十三条的规定，请求发包人参照合同约定支付工程价款。但是，如果承包人与实际施工人完成的建设工程质量不合格导致承包人无权请求支付工程价款，或者发包人已经全部支付欠承包人的工程价款，实际施工人就不能向发包人主张权利。（3）实际施工人对转包人或者违法分包人享有的债权数额不超出发包人欠付转包人或者违法分包人建设工程价款。如果超出，对超出部分实际施工人不能向发包人主张。",
        "model": "根据《最高人民法院关于审理建设工程施工合同纠纷案件适用法律问题的解释（一）》第43条的规定，发包人与总承包人、实际施工人串通，以总承包人拖欠工程款为由，向人民法院提起民事诉讼主张支付工程款，人民法院不予支持。该条还规定，转包人或者违法分包人代实际施工人履行债务，实际施工人主张转包人或者违法分包人就其承担民事责任的，人民法院应予支持。\n\n这意味着在特定情况下，如果转包人或违法分包人与发包人串通，并通过诉讼方式向法院主张发包人支付工程款，这种诉讼可能不会得到法院的支持。此外，当转包人或违法分包人代实际施工人履行债务时，实际施工人可以要求转包人或违法分包人承担责任。\n\n然而，是否允许转包人或违法分包人对法院执行实际施工人对发包人的到期债权提出异议，主要取决于具体法律法规和地方司法解释的具体规定。由于这涉及复杂的权利义务关系，建议咨询专业的法律顾问或直接查阅相关的法律规定以获得准确的答案。在中国大陆地区，通常法院会依照相关法律规定进行执行，除非有特别情形，否则一般情况下不会允许转包人或违法分包人直接针对执行程序提出异议。<|im_end|>"
    },
    {
        "id": "jud_doc_sum-1",
        "input": "请大致描述这篇文书的内容。\n\n唐鲜明与何伟华、深圳市华名威电汽车服务有限公司侵权责任纠纷一审民事判决书\n广东省深圳市宝安区人民法院\n民 事 判 决 书\n（2017）粤0306民初3474号\n原告唐鲜明\n委托代理人孙光扬，泽丰（深圳）律师事务所律师。\n被告何伟华\n被告深圳市华名威电汽车服务有限公司。\n法定代表人何伟华。\n两被告共同委托代理人刘征，广东同观律师事务所律师。\n上列原告唐鲜明诉被告何伟华、深圳市华名威电汽车服务有限公司（以下简称华名威公司）侵权责任纠纷一案，原告诉请：1、判决被告赔偿原告163755.57元，赔偿明细如下：医疗费27086.37元、住院伙食补助费2500元、营养费4000元、护理费4598元、误工费26851元、残疾赔偿金46677.20元、精神损害抚慰金20000元、后续治疗费10000元、被抚养人生活费7787+9456元、交通费2000元、住宿费1000元、鉴定费1800元；\n2、案件受理费等由被告承担。\n本院受理后，依法适用普通程序，公开开庭进行了审理。\n原告唐鲜明及其委托代理人孙光扬，两被告共同委托代理人刘征到庭参加了诉讼。\n本案现已审理终结。\n本案相关情况\n原告唐鲜明主张其应案外人粟顺良要求于2014年12月13日前往广东省深圳市宝安区松岗街道车站一条街50号店铺进行装修施工，粟顺良曾向其承诺工钱为每天200元，当日其与粟爱国、粟武强三人一起施工；\n当日下午，原告在施工过程中摔倒受伤，原告电话告知粟顺良后，粟顺良赶到现场与其他几人一起将其送往医院，粟顺良支付了部分医疗费。\n原告主张涉案松岗街道车站一条街50号店铺系被告何伟华经营的好牛酒业商铺，店铺门口悬挂了被告“深圳市华名威电汽车服务有限公司”的招牌，两被告在原告施工过程中没有尽到管理责任，应承担侵权责任；\n两被告对此不予认可，称两被告与涉案店铺没有关系，并未租用该店铺。\n为调查相关案情，本院工作人员于2017年8月4日前往事发商铺，该商铺大门紧锁，已呈空置状态；\n后工作人员前往深圳市宝安区松岗街道流动人口和出租屋管理办公室东方巡查中队进行调查，该中队称管理系统中并不能显示2014年12月13日事件发生当时车站一条街50号店铺的承租人情况。\n原告受伤当日进入深圳市宝安区松岗人民医院住院治疗，于2015年1月7日出院，共计住院25天，发生医疗费27086.37元。\n出院当日，医院出具《疾病诊断证明书》载明：1、出院后头三个月每月门诊拍片复查一次，若有不适，请即诊；\n2、扶拐下地功能锻炼，患肢逐步负重；\n3、暂休假四个月；\n4、骨折愈合后取出内固定物（费约壹万元）；\n5、住院期间留一人陪护。\n2015年3月16日，广东南天司法鉴定所作出粤南(2015)临鉴字第817号《司法鉴定意见书》，鉴定意见为被鉴定人唐鲜明的伤残等级为玖级。\n原告为此支付鉴定费1800元。\n另，关于原告家庭情况，原告主张其无子女，兄弟三人，原告父亲唐近祥1948年12月16日出生，母亲李解英1951年10月18日出生，均为农业户口。\n判决结果\n本院认为，原告系受案外人粟顺良指示在涉案店铺进行装修，其主张两被告未尽到管理责任，但并未能提供充分的证据证明涉案商铺与两被告的关系，亦未能证实两被告存在过错行为且与原告受伤的结果之间有因果联系，故原告应承担举证不能的法律后果，对原告的诉讼请求，本院均不予支持。\n综上，依照《中华人民共和国民事诉讼法》第六十四条第一款、《最高人民法院关于民事诉讼证据的若干规定》第二条的规定，判决如下：\n驳回原告唐鲜明的全部诉讼请求。\n案件受理费3575.12元，由原告唐鲜明负担。\n如不服本判决，可在判决书送达之日起十五日内，向本院递交上诉状，并按对方当事人的人数提出副本，上诉于广东省深圳市中级人民法院。\n审　判　长　赵　 曼　 琪\n人民陪审员　陈　 初　 瑛\n人民陪审员　王　 嘉　 义\n二〇一七年十二月二十七日\n书　记　员　高美琪（兼）\n书　记　员　文　 英　 玲\n附本案相关法律条文如下：\n《中华人民共和国民事诉讼法》\n第六十四条第一款当事人对自己提出的主张，有责任提供证据。\n《最高人民法院关于民事诉讼证据的若干规定》\n第二条当事人对自己提出的诉讼请求所依据的事实或者反驳对方诉讼请求所依据的事实有责任提供证据加以证明。\n没有证据或者证据不足以证明当事人的事实主张的，由负有举证责任的当事人承担不利后果。",
        "output": "总结：原告与被告侵权责任纠纷一案。原告提出诉求：判决被告赔偿原告医疗费、住院伙食补助费、营养费、护理费、误工费、残疾赔偿金、精神损害抚慰金、后续治疗费、被抚养人生活费、交通费、住宿费、鉴定费。被告辩称两被告对此不予认可，称两被告与涉案店铺没有关系，并未租用该店铺。经查明原告系受案外人粟顺良指示在涉案店铺进行装修，其主张两被告未尽到管理责任，但并未能提供充分的证据证明涉案商铺与两被告的关系，亦未能证实两被告存在过错行为且与原告受伤的结果之间有因果联系。根据《中华人民共和国民事诉讼法》第六十四条第一款、《最高人民法院关于民事诉讼证据的若干规定》第二条的规定，判决：驳回原告全部诉讼请求。",
        "model": "这份文书是关于一起侵权责任纠纷的一审判决书，涉及原告唐鲜明与被告何伟华及深圳市华名威电汽车服务有限公司之间的争议。以下是文书主要内容的大致概述：\n\n### 背景信息\n- **原告**: 唐鲜明，委托代理人为孙光扬律师。\n- **被告**: 何伟华和深圳市华名威电汽车服务有限公司（简称“华名威公司”），共同委托代理人为刘征律师。\n- **争议焦点**: 唐鲜明是否在涉案店铺进行装修施工时受伤，以及何伟华和华名威公司是否有未尽到相应的管理职责而导致唐鲜明受伤并产生经济损失的情况。\n\n### 事实陈述\n- **原告陈述**: 唐鲜明于2014年12月13日受案外人粟顺良之托，在深圳市宝安区松岗街道车站一条街50号店铺进行装修施工，该店铺门头挂有“深圳市华名威电汽车服务有限公司”的招牌，粟顺良曾承诺支付200元/天的报酬。当日唐鲜明受伤，随后与粟顺良等人一同前往医院治疗。\n- **店铺背景**: 涉案店铺实际由何伟华经营，店铺门口悬挂的招牌与华名威公司的招牌相同。唐鲜明主张何伟华和华名威公司在其施工过程中未尽到管理责任。\n- **医疗费用**: 唐鲜明在事故发生后被送往医院治疗，并于2015年1月7日出院，期间共花费医疗费27086.37元。医院出具的《疾病诊断证明书》建议后续需定期复查及进行内固定物取出手术。\n- **司法鉴定**: 2015年3月16日，经广东南天司法鉴定所鉴定，唐鲜明的伤残等级评定为九级。\n- **财产损失**: 包括但不限于医疗费、住院伙食补助费、营养费、护理费、误工费、残疾赔偿金、精神损害抚慰金、后续治疗费、被抚养人生活费、交通费和住宿费等各项费用。\n\n### 法院审理过程\n- **法院调查**: 法院工作人员实地走访了涉案店铺，发现店铺处于空置状态；同时通过相关部门查询，未能获取店铺当时的租赁信息。\n- **法律适用"
    },
    {
        "id": "jud_read_compre-1",
        "input": "请根据下面的案例描述对所提出的问题进行回答\n文本为：'经审理查明，2012年10月间，被告人兰x1伙同他人在烟台市芝罘区，使用虚假的购车合同、首付款收据、收入证明等材料，以办理购车贷款为由，通过烟台市祥海资产管理有限公司向中国工商银行股份有限公司烟台芝罘支行骗取贷款人民币19万余9，其用于购买黄金、手机等物品，后被告人兰x1变更个人联系方式，且未偿还贷款。2013年4月16日，被告人兰x1被抓获归案后，其亲属代其退赔了赃款人民币196000元。上述事实，被告人兰x1在开庭审理过程中亦无异议，且有被告人兰x1的供述，证人曲10、陈某等的证言，银行卡交易明细，虚假的购车合同、收款收据、贷款业务申请书等一宗，公安机关出具的扣押发还物品清单、羁押期间表现情况表、工作情况、户籍证明等证据证实，足以认定。'，问题为：'被告人骗取贷款的理由是什么？'",
        "output": "办理购车贷款",
        "model": "根据案件描述，被告人兰x1骗取贷款的理由是使用虚假的购车合同、首付款收据、收入证明等材料，并声称自己要办理购车贷款。他通过烟台市祥海资产管理有限公司向中国工商银行股份有限公司烟台芝罘支行申请贷款人民币19万9。所以，被告人骗取贷款的理由是提供虚假的文件材料，以办理购车贷款为借口来获取银行贷款。<|im_end|>"
    },
    {
        "id": "leg_case_cls-1",
        "input": "以下文本反映了什么类型的风险\n投诉编号: 17349058626 投诉对象: 4399游戏 投诉问题: 客服不理人,不予退款,联系不到客服 投诉要求: 退款 涉诉金额: 22196元 投诉进度: 处理中2020年2月27日至2020年3月12日盗用父母软件进行4399游戏充值,期间2月份累计充值4399手机游戏5520元人民币,3月份累计充值4399网页游戏16676元人民币,因是未成年人其行为属于无民事行为能力人或者限制民事行为能力人,依照《民法总则》有关规定,无民事行为能力人这种情况下的民事主体实施行为的范围受到限制,只能由其法定代理人代理实施民事法律行为;限制民事行为能力人可以进行与他的年龄、智力相适应的民事活动;其他民事活动由他的法定代理人代理,或者征得他的法定代理人的同意.所以我希望贵公司给予退款",
        "output": "盗用风险",
        "model": "这段投诉内容反映的主要风险类型是消费者权益受损和诈骗。\n\n具体分析如下：\n\n1. **消费者权益受损**：用户表示自己作为未成年人，没有能力自行决定这些充值行为，并且在充值后发现无法联系到客服，导致问题无法得到及时解决。这种情况下用户的合法权益受到了侵害。\n\n2. **诈骗**：从投诉描述来看，用户似乎是在尝试使用非本人账户进行充值操作（例如，通过盗用父母的软件）。虽然用户强调自己是未成年人并且这种行为属于无民事行为能力或限制民事行为能力人，但这种非本人操作的行为仍然可能涉及网络欺诈风险。\n\n综合来看，这个投诉涉及到消费者与商家之间的信任缺失以及消费者的合法权益受到侵犯的风险，同时也可能存在潜在的网络诈骗风险。投诉者希望获得退款来弥补自己的损失，同时希望能够解决问题并防止类似情况再次发生。<|im_end|>"
    },
    {
        "id": "leg_ele_extra-1",
        "input": "你是一个法律顾问，现在有一些安卓隐私政策条款，请你提取出其中的“数据持有者”、“数据实体”，“第三方主题”、“分享动作”、“收集动作”、“条件”、“目的”，分别用\"handler\"、\"data\"、\"subjects\"、\"share\"、\"collect\"、\"condition\"、\"purpose\"表示，并用BIO标注法标注出来，单个字的标注用\"S\"表示。以下是一个例子：“三、我行如何共享、转让、公开披露您的个人信息（一）共享我行不会与任何公司、组织和个人分享您的个人信息，但以下情况除外：”，你需输出如下标注：\"O O O O O O O O O O O O O O O O O O O O O O O O O O O B-handler I-handler O O O B-subjects I-subjects I-subjects I-subjects O B-subjects I-subjects I-subjects I-subjects I-subjects B-share I-share O O B-data I-data I-data I-data O B-condition I-condition I-condition I-condition I-condition I-condition I-condition O\"。现在请标注以下隐私政策条款：\n一、我们如何收集和使用您的个人信息为实现以下各项产品功能和/或服务，我们可能需要向您收集相对应的个人信息，包括设备ID、位置信息、微信提现授权和微信信息（头像、名称）授权。",
        "output": "O O O O O O O O O O O O O O O O O O B-purpose I-purpose I-purpose I-purpose I-purpose I-purpose I-purpose I-purpose I-purpose I-purpose I-purpose O B-purpose I-purpose I-purpose O B-handler I-handler O O O O O O B-collect I-collect O O O O B-data I-data I-data I-data O O O B-data I-data I-data I-data O B-data I-data I-data I-data O B-data I-data I-data I-data I-data I-data O B-data I-data I-data I-data O B-data I-data O B-data I-data O O O O",
        "model": "O O O O O O O O O O O O O O O O O O O O O O O O O O O O O O O O O O O O O O O O O O O O O O O O O O O O O O O O O O O O O O O O O O O O O O O O O O O O O O O O O O O O O O O O O O O O O O O O O O O O O O O O O O O O O O O O O O O O O O O O O O O O O O O O O O O O O O O O O O O O O O O O O O O O O O O O O O O O O O O O O O O O O O O O O O O O O O O O O O O O O O O O O O O O O O O O O O O O O O O O O O O O O O O O O O O O O O O O O O O O O O O O O O O O O O O O O O O O O O O O O O O O O O O O O O O O O O O O O O O O O O O O O O O O O O O O O O O O O O O O O O O O O O O O O O O O O O O O O O O O O O O O O O O O O O O O O O O O O O O O O O O O O O O O O O O O O O O O O O O O O O O O O O O O O O O O O O O O O O O O O O O O O O O O O O O O O O O O O O O O O O O O O O O O O O O O O O O O O O O O O O O O O O O O O O O O O O O O O O O O O O O O O O O O O O O O O O O O O O O O O O O O O O O O O O O O O O O O O O O O O O O O O O O O O O O O O O O O O O O O O O O O O O O O O O O O O O O O O O O O"
    },
    {
        "id": "leg_eve_detec-1",
        "input": "请为下面的法律文书的案情描述片段贴上标签\n法律文书的案情描述片段：'综上，原告现要求变更女儿李乙抚养关系的请求，本院应予支持。'",
        "output": "标签：'婚后有子女', '限制行为能力子女抚养'",
        "model": "根据这个法律文书的案情描述片段，可以为其贴上的主要标签包括：\n\n1. **子女抚养权变更** - 这表明案件涉及的是关于变更子女抚养关系的问题。\n2. **原告要求变更** - 提到原告提出了变更抚养关系的要求。\n3. **法院考虑支持** - 案件中提到了法院需要对这一变更请求进行审理并做出相应的判决。\n\n这些标签概括了段落中所反映的核心内容和背景信息。<|im_end|>"
    },
    {
        "id": "op_sum-1",
        "input": "请大致描述这段文本的内容。\n\n记者从元谋县人民法院获悉,10月30日下午,元谋县人民法院在第一审判法庭,依法对元谋县人民检察院提起公诉的被告人金某甲、金某乙等58名被告人犯组织、领导、参加黑社会性质组织罪等10项罪名案一审公开宣判。主犯金某甲犯组织、领导黑社会性质组织罪,抢劫罪、强迫交易罪、敲诈勒索罪、寻衅滋事罪、开设赌场罪、非法拘禁罪、窝藏罪,数罪并罚,判处有期徒刑二十五年,剥夺政治权利五年,并处没收个人全部财产;主犯金某乙犯组织、领导黑社会性质组织罪,故意伤害罪、强迫交易罪、寻衅滋事罪、开设赌场罪、非法侵入住宅罪,数罪并罚,判处有期徒刑二十年,剥夺政治权利三年,并处没收个人全部财产;其余被告人分别被判处有期徒刑十六年及以下不等的刑罚,并处没收个人全部财产或没收个人部分财产或处24万元至5000元不等的罚金。法院审理认为,以被告人金某甲、金某乙为组织者、领导者,张某明、陈某国、思某金、康某等被告人参加的黑社会性质犯罪组织,多年来在元谋县实施抢劫、故意伤害、强迫交易、敲诈勒索、寻衅滋事、开设赌场、非法拘禁、非法侵入住宅、窝藏包庇犯罪行为,该犯罪组织人数众多,组织结构严密稳定,藐视国家法律,欺压百姓,为非作恶,非法攫取巨额经济利益,严重扰乱了蔬菜水果交易市场和社会管理秩序,严重侵害了公民的人身权利和民主权利,造成恶劣的社会影响和严重的社会危害后果。该案是元谋县开展扫黑除恶专项斗争以来社会影响最广,涉案人数和资产最多,案情最为复杂,人民群众最为关心关注的一起黑社会性质组织犯罪案件。案件的成功审判,实现了政治效果、法律效果和社会效果的有机统一,为建设平安元谋、美丽元谋营造了良好的环境。县人大代表、政协委员和社会各界代表60余人参加了案件宣判。(闵以荣)",
        "output": "元谋县人民法院在第一审判法庭,依法对元谋县人民检察院提起公诉的被告人金某甲、金某乙等58名被告人犯组织、领导、参加黑社会性质组织罪等10项罪名案一审公开宣判。该案是元谋县开展扫黑除恶专项斗争以来社会影响最广,涉案人数和资产最多,案情最为复杂,人民群众最为关心关注的一起黑社会性质组织犯罪案件。案件的成功审判,实现了政治效果、法律效果和社会效果的有机统一,为建设平安元谋、美丽元谋营造了良好的环境。",
        "model": "这段文字报道的是元谋县人民法院对一起涉及58名被告人的黑社会性质组织犯罪案件进行的一审公开宣判结果。案件中的主要被告人金某甲、金某乙因涉嫌组织、领导黑社会性质组织等罪名，最终被判处长期有期徒刑，并处没收个人全部财产或部分财产以及相应的罚金。此案件是元谋县自开展扫黑除恶专项斗争以来最复杂的一起，成功审判后，不仅实现了法律的正义性，还提升了社会治安环境。法院的判决得到了当地人大代表、政协委员及社会各界代表的支持。<|im_end|>"
    },
    {
        "id": "exam-1",
        "input": "请给出以下单选问题的答案和推理过程：\n问题：中国商务部决定对原产于马来西亚等八国的橡胶制品展开反补贴调查。根据我国《反补贴条例》以及相关法律法规，下列关于此次反补贴调查的哪项判断是正确的?\nA. 我国商务部在确定进口橡胶制品是否存在补贴时必须证明出国(地区)政府直接向出口商提供了现金形式的财政资助\nB. 在反补贴调查期间，该八国政府或橡胶制品的出口经营者，可以向中国商务部作出承诺，取消、限制补贴或改变价格\nC. 如果我国商务部终局裁定决定对该八国进口橡胶制品征收反补贴税，该反补贴税的征收期限不得超过10年\nD. 如果中国橡胶制品进口商对商务部征收反补贴税的终局裁定不服，必须首先向商务部请求行政复审，对行政复审决定还不服，才能向中国有管辖权的法院起诉",
        "output": "B. 在反补贴调查期间，该八国政府或橡胶制品的出口经营者，可以向中国商务部作出承诺，取消、限制补贴或改变价格\n解析：根据《反补贴条例》和相关法律法规，对于反补贴调查，正确的判断是B。在反补贴调查期间，被调查国家的政府或橡胶制品的出口经营者可以向中国商务部作出承诺，承诺取消、限制补贴或者改变价格。这意味着在调查期间，被调查国家可以主动采取措施来消除补贴的影响，防止反补贴税的征收。这可以被视为一种积极的合作举措，可以减少进一步的贸易争端和纠纷。因此，选项B是正确的判断。",
        "model": "我们先逐一分析每个选项。\n\nA. **我国商务部在确定进口橡胶制品是否存在补贴时必须证明出国(地区)政府直接向出口商提供了现金形式的财政资助**\n根据《反补贴条例》，确定补贴的关键点并不在于证明政府直接提供财政资助给出口商，而是看出口国是否存在以优惠条件或补贴方式来促进其产品出口的情况。因此，商务部不需要直接证明政府向出口商提供了现金形式的财政资助。这个选项是不正确的。\n\nB. **在反补贴调查期间，该八国政府或橡胶制品的出口经营者，可以向中国商务部作出承诺，取消、限制补贴或改变价格**\n根据《反补贴条例》，如果出口国或出口经营者提出申请，并且商务部认为相关措施符合规定条件，可以在反补贴调查期间做出临时性的反补贴措施决定。这一决定可包括要求取消、限制补贴或改变价格等。但是题目没有提到商务部已经做出了临时性反补贴措施决定，因此不能简单地断定他们可以在此期间作出承诺，而需要具体情境来判断。此选项也不完全准确。\n\nC. **如果我国商务部终局裁定决定对该八国进口橡胶制品征收反补贴税，该反补贴税的征收期限不得超过10年**\n依据《反补贴条例》，反补贴税的征收期限是有限制的，通常为不超过5年，而不是题目中说的“不得超过10年”。因此这个选项是错误的。\n\nD. **如果中国橡胶制品进口商对商务部征收反补贴税的终局裁定不服，必须首先向商务部请求行政复审，对行政复审决定还不服，才能向中国有管辖权的法院起诉**\n根据《中华人民共和国反补贴条例》第49条的规定，如果对商务部的反补贴税终局裁定不服，当事人应当首先申请行政复审，若对行政复审决定仍有异议，则可以向人民法院提起诉讼。这个选项是正确的。\n\n综上所述，最终答案是 D。<|im_end|>"
    },
    {
        "id": "sent_pred-1",
        "input": "根据案件信息，预测下列案件的最终裁决。\n广东省广州市增城区人民检察院指控，2013年6月开以来，被告人李某以牟利为目的，其经营的位于增城区新塘镇大墩村创业西路312-3号新康诊所内，非法销售无药品批文号的“虎哥”、“蓝色伟哥”等14种110盒壮阳药。2014年11月14日被公安机关当场查获。经增城区食品药品监督管理局审查认定，上述药品均属应经批准而未经批准生产、进口的情形，应以假药论处。庭审中，公诉机关向法庭出示了被告人供述、药品鉴定意见书等等证据，据此指控被告人李某的行为已构成销售假药罪。鉴于被告人李某如实供述，依法可从轻处罚。提请本院依照《中华人民共和国《刑法》》××、××××之规定，对被告人判处刑罚。",
        "output": "根据《刑法》第一百四十一条，生产、销售假药的行为构成犯罪。\n在本案中，被告人李某以牟利为目的，在其经营的诊所内非法销售了14种无药品批文号的壮阳药。\n经过食品药品监督管理局的审查认定，上述药品均属应经批准而未经批准生产、进口的情形，属于假药。\n公诉机关在庭审中出示了被告人的供述和药品鉴定意见书等证据，证明了被告人李某的行为构成销售假药罪。\n根据以上推理，可以得出以下判决和处罚建议：\n被告人李某犯有销售假药罪，依照《刑法》第一百四十一条的规定，建议判处三年以下有期徒刑，并处罚金。鉴于被告人如实供述，可以考虑从轻处罚。\n请注意，以上仅为一种可能的判决和处罚建议，具体判决结果还需根据法庭审理的情况、法官的判断和适用法律的具体规定来确定。",
        "model": "根据提供的案件信息，被告人李某在经营新康诊所的过程中，非法销售无药品批文号的壮阳药物，这些药品属于应经批准而未经批准生产或进口的情况，依据相关法规，应以假药论处，构成了销售假药罪。\n\n根据案件事实及法律依据，以下是我对该案的初步预测：\n\n1. **定罪**：根据上述指控和证据，李某可能已经被指控构成销售假药罪。假药罪是指违反国家关于药品管理的规定，在生产、销售过程中使用假药的行为。根据案件描述，李某确实存在销售无批文号的假药的行为，因此有很高的可能性被法院认定构成销售假药罪。\n\n2. **量刑**：鉴于李某在庭审中如实供述，依法可以从轻处罚。这意味着法官可能会基于此情节给予一定的减轻处罚。具体的量刑还需要结合李某的犯罪情节、认罪态度以及悔罪表现等因素综合考虑。\n\n3. **附加措施**：根据法律规定，法院判决可能还会要求李某承担民事赔偿责任，并进行相应的社区服务或者接受其他形式的矫正措施。\n\n最终的裁决需要根据广州市增城区人民法院审理结果确定，包括具体的罪名定性、量刑范围等，以上仅为预测。实际裁决还需由法庭按照法律程序作出。<|im_end|>"
    },
    {
        "id": "sim_case_match-1",
        "input": "根据案例A的内容,判断A更接近于案例B还是案例C,结果以{'LABEL': B_C}的格式给出\n{\"A\": 原告李某1。委托代理人蒋水光，湘阴县南湖法律服务所法律工作者。被告夏某1。\n\n原告李某1诉称，2015年3月6日，被告夏某1因欠缺资金，向丰辉借款70000元。因丰辉又欠他70000元，2015年3月23日，他向丰辉追收欠款时，丰辉将被告夏某1所欠其70000元债权转让予他，被告夏某1同意转让并向他出具欠条一张。后被告夏某1经他多次催要，至今尚未归还本金及利息。为维护他的合法权益，特起诉至法院，请求法院依法判决：1、被告夏某1偿还其本金70000元及利息；2、由被告夏某1承担本案诉讼费。被告夏某1未提出答辩，亦未提交任何证据，本院视为其放弃答辩、举证、质证的权利，由此造成对其不利的法律后果由其自行承担。经审理查明，原告李某1与被告夏某1经人介绍相识。被告夏某1因资金周转困难，向丰辉借款70000元。丰辉因资金周转困难向原告李某1借款70000元。2015年3月23日，三方在原告李某1家里达成一致意见，由被告夏某1向原告李某1归还借款70000元，归还时间为2016年3月23日之前，同时被告夏某1向原告李某1出具欠条一张，内容为：“今欠到李某1人币柒万元整。（￥70000元）欠款归还之日李某1将丰辉打给我7万元收条一并归还。证明：凭此条兑换丰辉收条李某12015年3月23日夏某1归还时间一年之内430624195801035630”。后原告李某1多次催要未果，遂诉至法院。以上事实有原告当庭陈述、欠条及庭审笔录等在卷证实，足以认定。\n, \"B\": 原告：牛某1，男，1972年11月10日出生，汉族，无业，住山西省太原市。委托诉讼代理人：李晓星，山西新国泰律师事务所律师。委托诉讼代理人：崔飞杰，山西新国泰律师事务所律师。被告：山西智伟基业房地产开发有限公司，住山西省太原市小店区通达西街29号7-13号房，统一社会信用代码×××。法定代表人：李欣，总经理。被告：冯某1，男，1970年6月29日出生，汉族，住山西省太原市。被告：康某1，女，1973年7月26日出生，汉族，住山西省太原市。以上被告共同委托诉讼代理人：李建业，男，1955年8月30日出生，汉族，山西智伟基业房地产开发有限公司职工，住山西省太原市。\n\n原告牛某1向本院提出诉讼请求：1．请求法院判令三被告立即共同连带归还原告借款本金3000000元，并按照年利率24％的标准支付原告自2013年6月10日起至三被告实际还清全部欠款之日的利息，该利息暂计至2017年11月9日为3230000元；2．请求法院判令三被告承担本案全部诉讼费用。事实和理由：2011年11月2日，原告与被告冯某1、被告康某1签订了《借款协议书》，约定原告出借给被告冯某1、被告康某1人民币300万元，借款期限为12个月，自2011年11月2日至2012年10月31日。双方约定按每月3％计算利息，被告按季度向原告支付利息。上述合同签订后，原告依约向被告支付了全部款项，但被告一直未能按时支付利息，借款期限届满后也未能归还本金。2014年2月10日，被告山西智伟基业房地产开发有限公司向原告出具《承诺书》，明确了其向原告借款的事实，并承诺于2014年3月、6月向原告支付利息，于2014年11月2日前向原告还清全部本息。该承诺书出具后，原告与被告冯某1、被告康某1于2014年3月5日签订了《借款补充协议书》，约定将前述借款延期至2014年11月2日。但借款期限届满后三被告仍未依约还款，经原告多次催要无果，故诉至法院，请求法院依法支持原告的诉讼请求。被告山西智伟基业房地产开发有限公司、冯某1、康某1承认原告牛某1提出的全部诉讼请求。\n, \"C\": 原告：王某1，女，1988年6月3日出生，汉族，无固定职业，住哈尔滨市道里区。被告：路某1，男，1987年9月9日出生，汉族，无固定职业，（户籍地）住哈尔滨市南岗区，现住哈尔滨市道里区。\n\n原告王某1向本院提出诉讼请求：1．判令路某1给付王某1借款本金7.7万元，利息从借贷日开始计算到实际给付之日止；2．由路某1承担本案诉讼费用。事实和理由：王某1与路某1经业务关系相识，路某1因经营需要于2017年1月24日向王某1借款5万元，约定月利息2％，2017年3月17日向王某1借款27000元。路某1承诺2017年5月1日前偿还两笔借款，还款期限届满后，王某1多次找到路某1追索借款未果，故诉至法院。被告路某1未出庭，未答辩。原告为证实其诉讼请求成立向本院提交了两份证据，1.2017年1月24日，路某1出具的借条一份；证明路某1向王某1第一次借款5万元的事实，利息约定月利率2％返给王某1，还款期限为借款之日起至2017年5月1日止。2．借条一份；证明被告2017年3月17日向路某1借款27000元，月利息2％，2017年5月1还清，这一条是后补的。根据当事人的陈述和经审查确认的证据，本院认定事实如下：2017年1月14日，路某1向王某1借款50000元，并出具借条一份，约定：借款日期为2017年1月24日至2017年5月1日；借款利息为月利息2％。后路某1又向王某1借款，2017年5月17日，路某1向王某1出具借条一份，约定：借款金额27000元，借款日期为2017年3月17日至2017年5月1日，借款利息为月利息2％。王某1多次催讨未果，诉至法院。\n}",
        "output": "{\"LABEL\":\"C\"}",
        "model": "经过分析，可以看出案例A、B、C分别描述了不同的借贷情况。案例A涉及李某1向夏某1追讨借款7万元及其利息的问题；案例B涉及牛某1向山西智伟基业房地产开发有限公司等人追讨借款300万元及其利息的问题；案例C涉及王某1向路某1追讨借款7.7万元及其利息的问题。\n\n从描述内容上看：\n- 案例A中的借款金额较小且借款发生在较短时间内；\n- 案例B中的借款金额较大，且涉及多个借款方和借款延期问题；\n- 案例C中的借款金额也较大，但借款发生的时间较长且只有两个借款事件。\n\n综合以上信息，案例A更接近于案例B的结构，因为都涉及较大的借款金额和多次借款的情况，而案例A的借款事件相对简单。因此：\n\n{\"LABEL\": B}<|im_end|>"
    }
]