[
    {
        "id": "legal_question_answering_1",
        "input": "《民法典》第九百七十四条：除合伙合同另有约定外，合伙人向合伙人以外的人转让其全部或者部分财产份额的，须经其他合伙人一致同意。\n《民法典》第九百七十五条：合伙人的债权人不得代位行使合伙人依照本章规定和合伙合同享有的权利，但是合伙人享有的利益分配请求权除外。\n《民法典》第九百七十三条：合伙人对合伙债务承担连带责任。清偿合伙债务超过自己应当承担份额的合伙人，有权向其他合伙人追偿。\n《民法典》第九百七十六条：合伙人对合伙期限没有约定或者约定不明确，依据本法第五百一十条的规定仍不能确定的，视为不定期合伙。合伙期限届满，合伙人继续执行合伙事务，其他合伙人没有提出异议的，原合伙合同继续有效，但是合伙期限为不定期。合伙人可以随时解除不定期合伙合同，但是应当在合理期限之前通知其他合伙人。\n<问题>：\n在不定期合伙的情况下，一个合伙人突然退出并清偿了其应当承担份额的合伙债务后，是否有权向其他合伙人追偿？",
        "output": "根据《民法典》第九百七十三条规定，合伙人对合伙债务承担连带责任。当一个合伙人突然退出并清偿了其应当承担份额的合伙债务后，依法有权向其他合伙人追偿。",
        "model": "在不定期合伙的情况下，如果一个合伙人已经清偿了其应当承担的合伙债务，并且符合《民法典》第九百七十三条中规定的条件（即清偿合伙债务超过自己应当承担份额的合伙人），那么该合伙人是有权向其他合伙人追偿的。\n\n具体来说，根据《民法典》第九百七十三条的规定，合伙人对合伙债务承担连带责任。因此，如果该合伙人清偿了超出自己应当承担份额的部分债务，他有权向其他合伙人追偿这部分超额支付的部分。只要其他合伙人没有提出异议，该合伙人就可以向其他合伙人追偿。\n\n需要注意的是，合伙人之间的追偿权是基于合伙关系中的连带责任基础，因此在追偿过程中，其他合伙人也应履行相应的义务。<|im_end|>"
    },
    {
        "id": "judgement_predit-1",
        "input": "基于下列案件，推测可能的判决结果。\n经审理查明，2015年6月21日15时许，被告人白某某在大东区小河沿公交车站乘坐被害人张某某驾驶的133路公交车，当车辆行驶至沈阳市大东区东陵西路26号附近时，被告人白某某因未能下车而与司机张某某发生争执，并在该公交车行驶中用手拉拽档杆，被证人韩某某拉开后，被告人白某某又用手拉拽司机张某某的右胳膊，导致该车失控撞向右侧马路边停放的轿车和一个路灯杆，路灯杆折断后将福锅记炖品店的牌匾砸坏。后经被害人张某某报警，公安人员赶至现场将被告人白某某传唤到案。经鉴定，公交车受损价值人民币5,189.9元，轿车受损价值人民币1,449.57元，路灯杆受损价值人民币2,927.15元，福锅记饭店牌匾受损价值人民币9,776元，本案损失价值共计人民币19,342.6元。上述事实，被告人白某某在庭审中亦无异议，被害人张某某、朱某某、詹某某陈述，证人韩某某的证言，现场勘察笔录，视听资料，鉴定结论书，被告人白某某的供述与辩解等证据证实，足以认定。",
        "output": "根据《刑法》第一百一十四条的规定，被告人白某某以危险方法危害公共安全，尚未造成严重后果。根据案件事实，被告人白某某在公交车上与司机发生争执，并用手拉拽档杆和司机的胳膊，导致公交车失控撞向停放的轿车和路灯杆，最终造成公交车、轿车、路灯杆以及福锅记饭店牌匾的损坏。根据鉴定结果，本案损失共计人民币19,342.6元。\n综上所述，根据《刑法》第一百一十四条的规定，被告人白某某的行为构成以危险方法危害公共安全罪。根据该罪的刑罚幅度，可判处三年以上十年以下有期徒刑。\n需要注意的是，以上仅为根据提供的案件事实和相关法律条文进行的推理，最终的判决结果还需根据法庭审理的具体情况和法官的判断做出。",
        "model": "根据您提供的案件细节，可以推测出以下几点：\n\n1. **犯罪行为**：被告人白某某在公交车行驶过程中，因未能及时下车与司机发生争执，并且在车辆行驶中对司机进行拉拽，导致车辆失控，造成了财产损失。\n\n2. **损害后果**：根据鉴定结果，公交车、轿车以及路灯杆均受到了不同程度的损坏，损失金额总计为19,342.6元。此外，还损坏了福锅记炖品店的牌匾，损失价值为9,776元。\n\n3. **法律依据**：根据《中华人民共和国刑法》的相关规定，如果被告人白某某的行为构成犯罪，可能会面临相应的刑事处罚。具体刑罚取决于法院的判决结果，可能包括但不限于罚款、拘役、有期徒刑等。\n\n4. **量刑考量**：\n   - 被告人的行为是否构成犯罪（如故意毁坏财物罪）；\n   - 被告人的认罪态度；\n   - 被告人的悔罪表现；\n   - 被告人的社会危害性及影响；\n   - 被告人的家庭情况及个人背景。\n\n5. **可能的判决结果**：\n   - 如果被告人白某某认罪认罚，且情节较轻，可能会判处缓刑或短期有期徒刑；\n   - 如果被告人白某某拒不认罪，或者情节较为严重，则可能会判处较长的有期徒刑；\n   - 如果被告人白某某有重大立功表现，可能会获得减轻或免除处罚。\n\n最终的判决结果需要由法院根据具体情况依法作出。具体的判决结果还需要等待法院的正式判决。<|im_end|>"
    }
]