[
    {
        "id": "legal_question_answering_1",
        "input": "《民法典》第九百七十四条：除合伙合同另有约定外，合伙人向合伙人以外的人转让其全部或者部分财产份额的，须经其他合伙人一致同意。\n《民法典》第九百七十五条：合伙人的债权人不得代位行使合伙人依照本章规定和合伙合同享有的权利，但是合伙人享有的利益分配请求权除外。\n《民法典》第九百七十三条：合伙人对合伙债务承担连带责任。清偿合伙债务超过自己应当承担份额的合伙人，有权向其他合伙人追偿。\n《民法典》第九百七十六条：合伙人对合伙期限没有约定或者约定不明确，依据本法第五百一十条的规定仍不能确定的，视为不定期合伙。合伙期限届满，合伙人继续执行合伙事务，其他合伙人没有提出异议的，原合伙合同继续有效，但是合伙期限为不定期。合伙人可以随时解除不定期合伙合同，但是应当在合理期限之前通知其他合伙人。\n<问题>：\n在不定期合伙的情况下，一个合伙人突然退出并清偿了其应当承担份额的合伙债务后，是否有权向其他合伙人追偿？",
        "output": "根据《民法典》第九百七十三条规定，合伙人对合伙债务承担连带责任。当一个合伙人突然退出并清偿了其应当承担份额的合伙债务后，依法有权向其他合伙人追偿。",
        "model": "在不定期合伙的情况下，如果一个合伙人退出并清偿了其应当承担的合伙债务后，是否能向其他合伙人追偿需要根据具体情况来分析。\n\n首先，根据《民法典》第九百七十三条的规定，合伙人对合伙债务承担连带责任。这意味着每个合伙人对于合伙债务都有共同的责任，即使已经清偿了其应当承担的份额，该合伙人仍然有权基于连带责任要求其他合伙人偿还其所应承担的部分。因此，如果某合伙人已经清偿了其应当承担的合伙债务份额，理论上他是有权利向其他合伙人追偿，要求他们支付相应的差额。\n\n但是，《民法典》第九百七十五条也规定，合伙人的债权人不得代位行使合伙人依照本章规定和合伙合同享有的权利，但是合伙人享有的利益分配请求权除外。这意味着合伙人之间的债权关系不同于普通债权人与债务人之间的关系，合伙人之间的权益分配请求权是受保护的。\n\n综上所述，在不定期合伙情况下，被清偿合伙债务的合伙人虽然有权基于连带责任向其他合伙人追偿其应当承担的份额，但这一权利受到《民法典》第九百七十五条限制。即合伙人之间的债权关系属于合伙人之间权益分配请求权的范畴，债权人（在合伙人内部）是不能直接代位行使权利的，只能请求按各自的份额分配利益。因此，该合伙人不能直接通过债权人身份向其他合伙人主张权益。\n\n需要注意的是，上述结论基于一般法律原则，具体案例中可能会因具体情况和相关合同条款有所不同。如果有具体的合同条款或者其他特殊规定，还需要结合这些情况进行综合判断。<|im_end|>"
    },
    {
        "id": "judgement_predit-1",
        "input": "基于下列案件，推测可能的判决结果。\n经审理查明，2015年6月21日15时许，被告人白某某在大东区小河沿公交车站乘坐被害人张某某驾驶的133路公交车，当车辆行驶至沈阳市大东区东陵西路26号附近时，被告人白某某因未能下车而与司机张某某发生争执，并在该公交车行驶中用手拉拽档杆，被证人韩某某拉开后，被告人白某某又用手拉拽司机张某某的右胳膊，导致该车失控撞向右侧马路边停放的轿车和一个路灯杆，路灯杆折断后将福锅记炖品店的牌匾砸坏。后经被害人张某某报警，公安人员赶至现场将被告人白某某传唤到案。经鉴定，公交车受损价值人民币5,189.9元，轿车受损价值人民币1,449.57元，路灯杆受损价值人民币2,927.15元，福锅记饭店牌匾受损价值人民币9,776元，本案损失价值共计人民币19,342.6元。上述事实，被告人白某某在庭审中亦无异议，被害人张某某、朱某某、詹某某陈述，证人韩某某的证言，现场勘察笔录，视听资料，鉴定结论书，被告人白某某的供述与辩解等证据证实，足以认定。",
        "output": "根据《刑法》第一百一十四条的规定，被告人白某某以危险方法危害公共安全，尚未造成严重后果。根据案件事实，被告人白某某在公交车上与司机发生争执，并用手拉拽档杆和司机的胳膊，导致公交车失控撞向停放的轿车和路灯杆，最终造成公交车、轿车、路灯杆以及福锅记饭店牌匾的损坏。根据鉴定结果，本案损失共计人民币19,342.6元。\n综上所述，根据《刑法》第一百一十四条的规定，被告人白某某的行为构成以危险方法危害公共安全罪。根据该罪的刑罚幅度，可判处三年以上十年以下有期徒刑。\n需要注意的是，以上仅为根据提供的案件事实和相关法律条文进行的推理，最终的判决结果还需根据法庭审理的具体情况和法官的判断做出。",
        "model": "根据您提供的案件详情，这是一个涉及公交车事故的刑事案件。案件中的被告人白某某因未能及时下车引发与司机张某某的冲突，最终导致车辆失控撞到路边设施并造成财物损坏。根据这些信息，我们可以大致推测可能出现的判决结果：\n\n1. **民事责任**：被告人在交通事故中造成公共财物（包括公交车、轿车、路灯杆和牌匾）以及他人财产（如福锅记炖品店的牌匾）受损，需要对这些损失进行赔偿。法院可能会要求白某某支付相应的经济损失，包括车辆、物品的修复费用和赔偿牌匾等物品的市场价值。\n\n2. **刑事责任**：\n   - **过失致人财物损坏罪**：如果白某某的行为构成过失致人财物损坏罪，根据相关法律规定，白某某可能会被判处一定期限的有期徒刑或者拘役。\n   - **扰乱公共交通秩序罪**：如果白某某的行为影响了公交运营或公共交通秩序，也可能触犯扰乱公共交通秩序罪，这同样可能面临一定的刑罚。\n   - **其他罪名**：具体分析，可能还会涉及到其他法律条款，比如阻碍执行公务等。\n\n具体的判决结果会取决于以下因素：\n- 被告人的认罪态度。\n- 是否有自首、立功等情节。\n- 其他涉案人员的情况。\n- 法院对案件的具体评估。\n\n因此，具体判决结果需要由法院综合考虑所有证据材料和个人情况来确定。最终判决将在法律程序结束后由法院出具正式文件。<|im_end|>"
    }
]